<?xml version="1.0" encoding="UTF-8"?>
<project-private xmlns="http://www.netbeans.org/ns/project-private/1">
    <editor-bookmarks xmlns="http://www.netbeans.org/ns/editor-bookmarks/2" lastBookmarkId="0"/>
    <open-files xmlns="http://www.netbeans.org/ns/projectui-open-files/2">
        <group>
            <file>file:/C:/Users/jiangnan/Documents/NetBeansProjects/compiler/src/compiler/MainFrame.java</file>
            <file>file:/C:/Users/jiangnan/Documents/NetBeansProjects/compiler/src/compiler/Praser.java</file>
            <file>file:/C:/Users/jiangnan/Documents/NetBeansProjects/compiler/src/compiler/Err.java</file>
            <file>file:/C:/Users/jiangnan/Documents/NetBeansProjects/compiler/src/compiler/Symbol.java</file>
            <file>file:/C:/Users/jiangnan/Documents/NetBeansProjects/compiler/src/compiler/Interpreter.java</file>
            <file>file:/C:/Users/jiangnan/Documents/NetBeansProjects/compiler/src/compiler/Scanner.java</file>
            <file>file:/C:/Users/jiangnan/Documents/NetBeansProjects/compiler/src/compiler/PL0.java</file>
            <file>file:/C:/Users/jiangnan/Documents/NetBeansProjects/compiler/src/compiler/SymbolTable.java</file>
        </group>
    </open-files>
</project-private>
