<?xml version="1.0" encoding="UTF-8"?>
<beans xmlns="http://www.springframework.org/schema/beans"
       xmlns:xsi="http://www.w3.org/2001/XMLSchema-instance"
       xsi:schemaLocation="http://www.springframework.org/schema/beans
       http://www.springframework.org/schema/beans/spring-beans.xsd">

    <bean id="zsc" class="pojo.Course">
        <property name="cname" value="数学"/>
        <property name="cscore" value="95"/>
    </bean>
    <bean id="zs" class="pojo.Student" autowire="byName">
        <property name="Sname" value="张三"/>
        <property name="scourse" ref="zsc"/>
    </bean>

    <bean id="lsc" class="pojo.Course">
        <property name="cname" value="语文"/>
        <property name="cscore" value="90"/>
    </bean>
    <bean id="ls" class="pojo.Student" autowire="byType">
        <property name="sname" value="李四"/>
        <property name="scourse" ref="lsc"/>
    </bean>

    <bean id="wec" class="pojo.Course">
        <property name="cname" value="计算机"/>
        <property name="cscore" value="85"/>
    </bean>
    <bean id="we" class="pojo.Student" autowire="constructor">
        <property name="sname" value="王二"/>
        <property name="scourse" ref="wec"/>
    </bean>
</beans>

