<?xml version="1.0" encoding="UTF-8"?>
<beans xmlns="http://www.springframework.org/schema/beans"
       xmlns:xsi="http://www.w3.org/2001/XMLSchema-instance"
       xsi:schemaLocation="http://www.springframework.org/schema/beans http://www.springframework.org/schema/beans/spring-beans.xsd">

    <!-- 使用构造方法注入 -->
    <bean id="nxn" class="pojo.StudentCon">
        <constructor-arg name="sname" value="南希诺"/>
        <constructor-arg name="sage" value="21"/>
    </bean>

    <bean id="zs" class="pojo.StudentCon">
        <constructor-arg index="0" value="张三"/>
        <constructor-arg index="1" value="20"/>
    </bean>
</beans>