<?xml version="1.0" encoding="UTF-8"?>
<Configuration status="WARN">
    <Appenders>
        <Console name="Console" target="SYSTEM_OUT">
            <PatternLayout pattern="%d{HH:mm:ss} %level : %msg   %l%n" />
        </Console>
    </Appenders>
    <Loggers>
        <Logger name="mylog" level="error" additivity="false">
            <AppenderRef ref="Console" />
        </Logger>
        <Root level="error">
            <AppenderRef ref="Console" />
        </Root>
    </Loggers>
</Configuration>
