<?xml version="1.0" encoding="UTF-8"?>
<beans xmlns="http://www.springframework.org/schema/beans"
       xmlns:xsi="http://www.w3.org/2001/XMLSchema-instance"
       xsi:schemaLocation="http://www.springframework.org/schema/beans http://www.springframework.org/schema/beans/spring-beans.xsd">
    <!--    值注入-->
    <bean id="nxn" class="pojo.StudentVal">
        <property name="sname" value="南希诺"/>
        <property name="sage" value="21"/>
    </bean>

    <bean id="zs" class="pojo.StudentVal">
        <property name="sname" value="张三"/>
        <property name="sage" value="20"/>
    </bean>

</beans>