<?xml version="1.0" encoding="UTF-8" ?>
<!DOCTYPE mapper
        PUBLIC "-//mybatis.org//DTD Mapper 3.0//EN"
        "http://mybatis.org/dtd/mybatis-3-mapper.dtd">
<mapper namespace="com.mapper.OrderMapper">
    <!--返回该用户对应的所有订单-->
    <select id="getOrderList" resultType="com.pojo.Order">
        select * from mybatis.`order` where user_id = #{userId};
    </select>
    <!--返回该订单号对应的所有订单-->
    <select id="getOrderByOrderId" resultType="com.pojo.Order">
        select * from mybatis.`order` where order_id = #{orderId};
    </select>
<!--    向订单库中插入一条数据-->
    <insert id="insertIntoOrder" >
        INSERT INTO mybatis.`order` (product_id, time, user_id, order_state) VALUES (#{productId}, #{time}, #{userId}, #{orderState})
    </insert>
    <delete id="deleteOrder">
        DELETE FROM mybatis.`order` WHERE order_id = #{orderId} AND order_state = 2;
    </delete>
</mapper>
