<?xml version="1.0" encoding="UTF-8" ?>
<!DOCTYPE configuration
        PUBLIC "-//mybatis.org//DTD Config 3.0//EN"
        "http://mybatis.org/dtd/mybatis-3-config.dtd">
<!-- 根标签 -->
<configuration>
    <settings>
        <!--
        是否开启驼峰命名自动映射，
        即从经典数据库列名 A_COLUMN 映射到经典 Java 属性名 aColumn。
        -->
        <setting name="mapUnderscoreToCamelCase" value="true"/>
    </settings>

    <!--配置环境，可以设置多个环境，然后在default里面去切换就可以了-->
    <environments default="development">
        <!-- id：唯一标识 -->
        <environment id="development">
            <!-- 事务管理器，JDBC类型的事务管理器 -->
            <transactionManager type="JDBC" />
            <!-- 数据源，池类型的数据源 -->
            <dataSource type="POOLED">
                <property name="driver" value="com.mysql.jdbc.Driver" />
                <property name="url" value="jdbc:mysql://localhost:3306/mybatis?useSSL=false" />
                <property name="username" value="root" />
                <property name="password" value="root" />
            </dataSource>
        </environment>
    </environments>
    <!--每一个 mapper.xml需要有一个对应的 mapper-->
    <mappers>
        <package name="com.mapper"/>
    </mappers>

</configuration>